CREATE DATABASE FORMULARIO;
USE FORMULARIO;

CREATE TABLE ENDERECO (
	ID INT NOT NULL AUTO_INCREMENT PRIMARY KEY,
	LOGRADOURO VARCHAR(100) NOT NULL,
	NUMERO VARCHAR(10),
	BAIRRO VARCHAR(50),
	CIDADE VARCHAR(50) NOT NULL,
	ESTADO VARCHAR(2) NOT NULL,
	CEP VARCHAR(10),
	PAIS VARCHAR(30) NOT NULL
);

-- TABELA PRINCIPAL DE FUNCIONÁRIOS
CREATE TABLE FUNCIONARIO (
	MATRICULA INT NOT NULL AUTO_INCREMENT PRIMARY KEY,
    NOME VARCHAR(100) NOT NULL,
    NASCIMENTO DATE NOT NULL,
    NACIONALIDADE VARCHAR(30) NOT NULL,
    SEXO ENUM('MASCULINO', 'FEMININO') NOT NULL,
    ESTADO_CIVIL ENUM('SOLTEIRO', 'CASADO', 'DIVORCIADO', 'VIÚVO') NOT NULL,
    RG VARCHAR(12) UNIQUE,
    CPF CHAR(14) UNIQUE NOT NULL,
    ENDERECO_ID INT NOT NULL,
    ADMISSAO_DATA DATE NOT NULL,
    FOREIGN KEY (ENDERECO_ID) REFERENCES ENDERECO(ID) ON DELETE CASCADE
);

-- TABELA DE CARGOS OCUPADOS
CREATE TABLE CARGOS_OCUPADOS (
	ID INT NOT NULL AUTO_INCREMENT PRIMARY KEY,
    FUNCIONARIO_ID INT NOT NULL,
    CARGO VARCHAR(50) NOT NULL,
    DATA_INICIO DATE NOT NULL,
    DATA_FIM DATE,
    FOREIGN KEY (FUNCIONARIO_ID) REFERENCES FUNCIONARIO(MATRICULA) ON DELETE CASCADE
);

-- TABELA DE LOTAÇÃO POR DEPARTAMENTO
CREATE TABLE DEPARTAMENTO_LOTACAO (
	ID INT NOT NULL AUTO_INCREMENT PRIMARY KEY,
    FUNCIONARIO_ID INT NOT NULL,
    DEPARTAMENTO VARCHAR(50) NOT NULL,
    DATA_INICIO DATE NOT NULL,
    DATA_FIM DATE,
    FOREIGN KEY (FUNCIONARIO_ID) REFERENCES FUNCIONARIO(MATRICULA) ON DELETE CASCADE
);

-- TABELA DE DEPENDENTES
CREATE TABLE DEPENDENTES (
	ID INT AUTO_INCREMENT PRIMARY KEY,
    FUNCIONARIO_ID INT NOT NULL,
	NOME VARCHAR(100) NOT NULL,
    NASCIMENTO DATE NOT NULL,
    SEXO ENUM('MASCULINO', 'FEMININO') NOT NULL,
    RG VARCHAR(12),
    CPF CHAR(14) UNIQUE NOT NULL,
    FOREIGN KEY (FUNCIONARIO_ID) REFERENCES FUNCIONARIO(MATRICULA) ON DELETE CASCADE
);

INSERT INTO ENDERECO
  (ID, LOGRADOURO, NUMERO, BAIRRO, CIDADE, ESTADO, CEP, PAIS)
VALUES
  (1, 'NÚCLEO DA PAZ',        NULL, 'JARDIM LEBLON',          'CARVALHO DE MINAS', 'RN', '17868-853',  'BRASIL'),
  (2, 'VILA THIAGO DAS NEVES','83',  'VILA CLORIS',           'CORREIA DO CAMPO',  'PR', '89063-259',  'BRASIL'),
  (3, 'RUA DO SOL',           '45',  'CENTRO',                'SALVADOR',          'BA', NULL,         'BRASIL'),
  (4, 'AV. DAS PALMEIRAS',    '100', 'PAULISTA',              'RIO DE JANEIRO',    'RJ', NULL,         'BRASIL'),
  (5, 'RUA DA SAUDADE',       '12',  'COSTA BOA',             'LISBOA',            'PI', NULL,         'PORTUGAL'),
  (6, 'RUA DO CAMPO',         '21',  'CENTRO URUGUAI',        'CURITIBA',          'PR', NULL,         'BRASIL'),
  (7, 'AV. DAS NAÇÕES',       '300', 'LEGACIO',               'LUANDA',            'JI', NULL,         'ANGOLA'),
  (8, 'RUA AZUL',             '90',  'GUIMARÃES',             'RECIFE',            'PE', NULL,         'BRASIL'),
  (9, 'AV. CENTRAL',          '60',  'CENTRO LIGA NORTE',     'PORTO ALEGRE',      'RS', NULL,         'BRASIL'),
  (10,'CALLE LIBERTAD',       '50',  'CENTRO',                'BUENOS AIRES',      'LM', NULL,         'ARGENTINA'),
  (11,'RUA DO MERCADO',       '77',  'PAULISTANA',            'FORTALEZA',         'CE', NULL,         'BRASIL'),
  (12,'RUA DAS FLORES',       '23',  'FORTAL',                'GOIÂNIA',           'GO', NULL,         'BRASIL'),
  (13,'RUA CHILE',            '78',  'FAZENDA',               'SANTIAGO',          'HM', NULL,         'CHILE'),
  (14,'RUA LARANJA',          '15',  'PORTO',                 'BELÉM',             'PA', NULL,         'BRASIL'),
  (15,'RUA BRASIL',           '100', 'COSTA GROSSA',          'SÃO PAULO',         'SP', NULL,         'BRASIL'),
  (16,'RUA DA PRAIA',         '32',  'BUENHOPÓLIS',           'MONTEVIDEO',        'PI', NULL,         'URUGUAI'),
  (17,'RUA DA ALEGRIA',       '88',  'ATABUM',                'SALVADOR',          'BA', NULL,         'BRASIL'),
  (18,'CARRERA 45',           NULL,  'CENTRO',                'BOGOTÁ',            'CL', NULL,         'COLÔMBIA'),
  (19,'RUA DAS ÁRVORES',      '29',  'ZONA LESTE',            'CAMPINAS',          'SP', NULL,         'BRASIL'),
  (20,'RUA DAS ROSAS',        '50',  'CASA VELHA',            'TERESINA',          'PI', NULL,         'BRASIL');

INSERT INTO FUNCIONARIO (NOME, NASCIMENTO, NACIONALIDADE, SEXO, ESTADO_CIVIL, RG, CPF, ENDERECO_ID, ADMISSAO_DATA)
VALUES 
('BÁRBARA DA LUZ', '1992-06-21', 'EGITO', 'MASCULINO', 'CASADO', '51741145', '70924631570', 1, '2022-07-24'),
('ALÍCIA PORTO', '1998-08-04', 'GUAM', 'FEMININO', 'DIVORCIADO', '407909199', '26051798340', 2, '2020-03-27'),
('LUCAS ALMEIDA', '1985-03-15', 'BRASIL', 'MASCULINO', 'CASADO', '121212121', '12345678901', 3, '2018-09-15'),
('JOANA SILVA', '1990-11-22', 'BRASIL', 'FEMININO', 'SOLTEIRO', '232323232', '23456789012', 4, '2019-01-10'),
('CARLOS SOUZA', '1978-06-30', 'PORTUGAL', 'MASCULINO', 'DIVORCIADO', '343434343', '34567890123', 5, '2021-03-05'),
('FERNANDA COSTA', '1982-12-05', 'BRASIL', 'FEMININO', 'CASADO', '454545454', '45678901234', 6, '2022-06-18'),
('ANDRÉ MENDES', '1995-07-19', 'ANGOLA', 'MASCULINO', 'SOLTEIRO', '565656565', '56789012345', 7, '2023-01-01'),
('MARIANA LOPES', '1987-04-11', 'BRASIL', 'FEMININO', 'VIÚVO', '676767676', '67890123456', 8, '2020-10-30'),
('THIAGO RAMOS', '1993-09-25', 'BRASIL', 'MASCULINO', 'SOLTEIRO', '787878787', '78901234567', 9, '2019-12-12'),
('PAULA ROCHA', '1988-02-14', 'ARGENTINA', 'FEMININO', 'CASADO', '898989898', '89012345678', 10, '2021-08-08'),
('HENRIQUE DIAS', '1975-08-20', 'BRASIL', 'MASCULINO', 'CASADO', '909090909', '90123456789', 11, '2017-07-07'),
('LÍVIA MARTINS', '1991-05-03', 'BRASIL', 'FEMININO', 'SOLTEIRO', '112233445', '11223344556', 12, '2022-02-02'),
('RAFAEL NUNES', '1986-01-17', 'CHILE', 'MASCULINO', 'DIVORCIADO', '223344556', '22334455667', 13, '2016-05-05'),
('JULIANA TEIXEIRA', '1994-10-29', 'BRASIL', 'FEMININO', 'CASADO', '334455667', '33445566778', 14, '2019-11-11'),
('EDUARDO VIEIRA', '1983-03-07', 'BRASIL', 'MASCULINO', 'SOLTEIRO', '445566778', '44556677889', 15, '2020-04-04'),
('TATIANE MELO', '1996-12-30', 'URUGUAI', 'FEMININO', 'SOLTEIRO', '556677889', '55667788990', 16, '2021-06-06'),
('RODRIGO FERREIRA', '1997-07-07', 'BRASIL', 'MASCULINO', 'SOLTEIRO', '667788990', '66778899001', 17, '2020-10-10'),
('CAMILA BARBOSA', '1989-09-09', 'COLÔMBIA', 'FEMININO', 'VIÚVO', '778899001', '77889900112', 18, '2018-08-08'),
('BRUNO LIMA', '1990-02-20', 'BRASIL', 'MASCULINO', 'CASADO', '889900112', '88990011223', 19, '2021-09-09'),
('ANA CLARA PINTO', '1984-06-15', 'BRASIL', 'FEMININO', 'CASADO', '990011223', '99001122334', 20, '2015-05-15');

INSERT INTO CARGOS_OCUPADOS (FUNCIONARIO_ID, CARGO, DATA_INICIO, DATA_FIM) VALUES
(1, 'ANALISTA DE SISTEMAS', '2019-01-01', '2021-06-30'),
(2, 'DESENVOLVEDOR BACK-END', '2020-03-01', '2023-01-15'),
(3, 'GERENTE DE PROJETOS', '2018-05-20', '2022-12-31'),
(4, 'ANALISTA DE RH', '2019-07-01', '2023-05-10'),
(5, 'COORDENADOR FINANCEIRO', '2020-02-15', '2023-04-20'),
(6, 'DESIGNER UX/UI', '2021-08-01', '2023-08-01'),
(7, 'ESTAGIÁRIO DE TI', '2023-01-01', '2024-01-01'),
(8, 'SCRUM MASTER', '2020-11-01', '2022-11-01'),
(9, 'ANALISTA DE DADOS', '2019-04-01', '2022-04-01'),
(10, 'SUPORTE TÉCNICO', '2021-01-01', '2022-01-01'),
(11, 'DIRETOR COMERCIAL', '2017-01-01', '2020-01-01'),
(12, 'ASSISTENTE ADMINISTRATIVO', '2022-03-01', '2023-03-01'),
(13, 'DESENVOLVEDOR BACK-END JUNIOR', '2019-03-01', '2022-05-27'),
(14, 'DESENVOLVEDOR BACK-END SENIOR', '2022-05-19', '2023-01-15'),
(15, 'DESENVOLVEDOR BACK-END PLENO', '2017-08-01', '2019-03-01'),
(16, 'ESTAGIÁRIO DE MANUTENÇÃO', '2023-01-01', '2024-01-01'),
(17, 'SCRUM MASTER', '2020-11-01', '2022-11-01'),
(18, 'CONTROLE DE QUALIDADE', '2019-04-01', '2022-04-01'),
(19, 'SUPORTE TÉCNICO', '2021-01-01', '2022-01-01'),
(20, 'DIRETOR EMPRESARIAL', '2017-01-01', '2020-01-01');

INSERT INTO DEPARTAMENTO_LOTACAO (FUNCIONARIO_ID, DEPARTAMENTO, DATA_INICIO, DATA_FIM) VALUES
(1, 'TI', '2019-01-01', '2021-06-30'),
(2, 'DESENVOLVIMENTO', '2020-03-01', '2023-01-15'),
(3, 'PROJETOS', '2018-05-20', '2022-12-31'),
(4, 'RECURSOS HUMANOS', '2019-07-01', '2023-05-10'),
(5, 'FINANCEIRO', '2020-02-15', '2023-04-20'),
(6, 'DESIGN', '2021-08-01', '2023-08-01'),
(7, 'TECNOLOGIA', '2023-01-01', '2024-01-01'),
(8, 'AGILIDADE', '2020-11-01', '2022-11-01'),
(9, 'ANÁLISE DE DADOS', '2019-04-01', '2022-04-01'),
(10, 'SUPORTE', '2021-01-01', '2022-01-01'),
(11, 'COMERCIAL', '2017-01-01', '2020-01-01'),
(12, 'ADMINISTRATIVO', '2022-03-01', '2023-03-01'),
(13, 'TI', '2019-01-01', '2021-06-30'),
(14, 'DESENVOLVIMENTO', '2020-03-01', '2023-01-15'),
(15, 'PROJETOS', '2018-05-20', '2022-12-31'),
(16, 'RECURSOS HUMANOS', '2019-07-01', '2023-05-10'),
(17, 'FINANCEIRO', '2020-02-15', '2023-04-20'),
(18, 'DESIGN', '2021-08-01', '2023-08-01'),
(19, 'TECNOLOGIA', '2023-01-01', '2024-01-01'),
(20, 'AGILIDADE', '2020-11-01', '2022-11-01');

INSERT INTO DEPENDENTES (FUNCIONARIO_ID, NOME, NASCIMENTO, SEXO, RG, CPF) VALUES
(1, 'LAURA DA LUZ', '2010-04-15', 'FEMININO', '123456781', '11111111111'),
(2, 'GABRIEL PORTO', '2012-09-30', 'MASCULINO', '123456782', '22222222222'),
(3, 'LUCAS ALMEIDA FILHO', '2008-11-22', 'MASCULINO', '123456783', '33333333333'),
(3, 'FERNANDA ALMEIDA', '2015-06-14', 'FEMININO', '123456784', '44444444444'),
(4, 'BEATRIZ SILVA', '2007-07-10', 'FEMININO', '123456785', '55555555555'),
(5, 'CARLOS SOUZA JR.', '2006-03-08', 'MASCULINO', '123456786', '66666666666'),
(6, 'RAFAEL COSTA', '2011-12-01', 'MASCULINO', '123456787', '77777777777'),
(6, 'DANIELA COSTA', '2013-05-19', 'FEMININO', '123456788', '88888888888'),
(7, 'PEDRO MENDES', '2014-02-22', 'MASCULINO', '123456789', '99999999999'),
(8, 'ANA LOPES', '2010-08-15', 'FEMININO', '123456790', '10101010101'),
(9, 'TIAGO RAMOS JR.', '2016-01-05', 'MASCULINO', '123456791', '12121212121'),
(10, 'MARIANA ROCHA', '2009-11-25', 'FEMININO', '123456792', '13131313131'),
(11, 'HENRIQUE DIAS FILHO', '2005-12-12', 'MASCULINO', '123456793', '14141414141'),
(12, 'LUCAS MARTINS', '2013-03-03', 'MASCULINO', '123456794', '15151515151'),
(13, 'JULIANA NUNES', '2014-06-16', 'FEMININO', '123456795', '16161616161'),
(14, 'EDUARDO TEIXEIRA', '2011-07-20', 'MASCULINO', '123456796', '17171717171'),
(15, 'TATIANE VIEIRA', '2008-10-10', 'FEMININO', '123456797', '18181818181');

-- 1. LISTA DE TODOS OS FUNCIONÁRIOS

SELECT * FROM FUNCIONARIO;

-- 2. FUNCIONÁRIOS COM CARGO DE 'GERENTE'

SELECT F.NOME, C.CARGO 
FROM FUNCIONARIO F 
JOIN CARGOS_OCUPADOS C ON F.MATRICULA = C.FUNCIONARIO_ID 
WHERE C.CARGO = 'GERENTE';

-- 3. FUNCIONÁRIOS DO DEPARTAMENTO DE 'TI'
SELECT F.NOME, D.DEPARTAMENTO 
FROM FUNCIONARIO F 
JOIN DEPARTAMENTO_LOTACAO D ON F.MATRICULA = D.FUNCIONARIO_ID 
WHERE D.DEPARTAMENTO = 'TI';

-- 4. FUNCIONÁRIOS ADMITIDOS APÓS 2020
SELECT NOME, ADMISSAO_DATA 
FROM FUNCIONARIO 
WHERE ADMISSAO_DATA > '2020-01-01';

-- 5. NÚMERO DE FUNCIONÁRIOS POR SEXO
SELECT SEXO, COUNT(*) 
FROM FUNCIONARIO 
GROUP BY SEXO;

-- 6. FUNCIONÁRIOS COM DEPENDENTES
SELECT DISTINCT F.NOME 
FROM FUNCIONARIO F 
JOIN DEPENDENTES D ON F.MATRICULA = D.FUNCIONARIO_ID;

-- 7. TOTAL DE DEPENDENTES POR FUNCIONÁRIO
SELECT FUNCIONARIO_ID, COUNT(*) AS TOTAL_DEPENDENTES 
FROM DEPENDENTES 
GROUP BY FUNCIONARIO_ID;

-- 8. FUNCIONÁRIOS QUE SÃO 'CASADO'
SELECT NOME 
FROM FUNCIONARIO 
WHERE ESTADO_CIVIL = 'CASADO';

-- 9. FUNCIONÁRIOS COM IDADE MAIOR QUE 40 ANOS
SELECT NOME, YEAR(CURDATE()) - YEAR(NASCIMENTO) AS IDADE 
FROM FUNCIONARIO 
WHERE YEAR(CURDATE()) - YEAR(NASCIMENTO) > 40;

-- 10. FUNCIONÁRIOS ORDENADOS POR DATA DE ADMISSÃO
SELECT NOME, ADMISSAO_DATA 
FROM FUNCIONARIO 
ORDER BY ADMISSAO_DATA ASC;

-- 11. LISTAR CADA FUNCIONÁRIO COM SEU ENDEREÇO COMPLETO

SELECT 
  F.MATRICULA,
  F.NOME,
  E.LOGRADOURO,
  E.NUMERO,
  E.BAIRRO,
  E.CIDADE,
  E.ESTADO,
  E.CEP,
  E.PAIS
FROM FUNCIONARIO F
JOIN ENDERECO E ON F.ENDERECO_ID = E.ID;

-- 12. CONTAR QUANTOS FUNCIONÁRIOS MORAM EM CADA CIDADE

SELECT 
  E.CIDADE,
  COUNT(*) AS TOTAL_FUNCIONARIOS
FROM FUNCIONARIO F
JOIN ENDERECO E ON F.ENDERECO_ID = E.ID
GROUP BY E.CIDADE
ORDER BY TOTAL_FUNCIONARIOS DESC;

-- 13. LISTAR ENDEREÇOS (LOGRADOURO + NÚMERO) QUE TÊM MAIS DE UM FUNCIONÁRIO

SELECT 
  E.LOGRADOURO,
  E.NUMERO,
  E.BAIRRO,
  E.CIDADE,
  COUNT(*) AS QTD_FUNCIONARIOS
FROM FUNCIONARIO F
JOIN ENDERECO E ON F.ENDERECO_ID = E.ID
GROUP BY E.LOGRADOURO, E.NUMERO, E.BAIRRO, E.CIDADE
HAVING COUNT(*) > 1;

-- ATUALIZAR CARGOS

UPDATE CARGOS_OCUPADOS 
SET CARGO = 'ENGENHEIRO DE SOFTWARE', DATA_INICIO = '2020-01-01', DATA_FIM = '2023-01-01' 
WHERE FUNCIONARIO_ID = 16;

UPDATE CARGOS_OCUPADOS 
SET CARGO = 'ESPECIALISTA EM REDES', DATA_INICIO = '2021-02-15', DATA_FIM = '2023-02-15' 
WHERE FUNCIONARIO_ID = 17;

UPDATE CARGOS_OCUPADOS 
SET CARGO = 'ARQUITETO DE SOLUÇÕES', DATA_INICIO = '2018-05-10', DATA_FIM = '2022-05-10' 
WHERE FUNCIONARIO_ID = 18;

UPDATE CARGOS_OCUPADOS 
SET CARGO = 'ANALISTA DE SEGURANÇA', DATA_INICIO = '2019-09-01', DATA_FIM = '2022-09-01' 
WHERE FUNCIONARIO_ID = 19;

UPDATE CARGOS_OCUPADOS 
SET CARGO = 'DESENVOLVEDOR FRONT-END', DATA_INICIO = '2020-06-20', DATA_FIM = '2023-06-20' 
WHERE FUNCIONARIO_ID = 20;
